{"authorList": [{"bind": false, "id": "5434fc43dabfaebba588995d", "indices": {"activity": 0.7089, "citations": 2515, "diversity": 3.4188, "gindex": 46, "hindex": 25, "newStar": 0, "pubs": 158, "risingStar": 0, "sociability": 8.3656}, "name": "Dieter Merkl", "name_zh": "", "num_followed": 0, "num_upvoted": 0, "num_viewed": 35, "profile": {"affiliation": "Institute of Software Technology|University of Technology", "org": "Institute of Software Technology|University of Technology"}, "score": 12435.191, "sourcetype": "", "tags": ["Information Retrieval", "Machine Learning", "Data Mining", "Text Mining", "Neural Networks", "Knowledge Discovery", "Knowledge Acquisition", "Workflow Management", "Neural Network", "Document Classification", "Data Visualization", "Natural Language", "Software Reuse", "Adaptive Learning", "Exploratory Search", "Recommender Systems", "Information Retrieval System", "Process Model", "Exploratory Data Analysis", "Recurrent Neural Networks"], "tags_score": [65.70831, 63.407867, 63.19405, 62.688953, 60.969475, 60.399834, 60.32976, 59.47973, 59.148087, 59.087376, 59.060326, 58.140903, 58.137585, 57.529213, 57.348366, 57.2174, 57.164795, 56.88352, 56.685677, 56.464115], "tags_translated_zh": ["\u7f8e\u672f\u53f2", "\u81ea\u7ec4\u7ec7\u6620\u5c04", "\u81ea\u7ec4\u7ec7\u6620\u5c04", "\u6587\u732e\u91c7\u96c6", "\u6570\u636e\u6316\u6398", "\u6587\u5316\u9057\u4ea7", "\u6587\u672c\u6316\u6398", "\u81ea\u7136\u8bed\u8a00\u5904\u7406", "\u6587\u6863\u8868\u793a", "\u589e\u52a0\u91cf", "\u6848\u4f8b\u7814\u7a76", "\u795e\u7ecf\u7f51\u7edc", "\u6587\u6863\u805a\u7c7b"]}]}